external_gene_name	pathway
PTCH1	hedgehog
PTCH2	hedgehog
SMO	hedgehog
GPR161	hedgehog
PRKACA	hedgehog
PRKACB	hedgehog
PRKACG	hedgehog
CSNK1A1L	hedgehog
CSNK1A1	hedgehog
CSNK1G2	hedgehog
CSNK1G3	hedgehog
CSNK1G1	hedgehog
CSNK1D	hedgehog
CSNK1E	hedgehog
TPTEP2-CSNK1E	hedgehog
GSK3B	hedgehog
GLI1	hedgehog
GLI2	hedgehog
GLI3	hedgehog
SUFU	hedgehog
KIF7	hedgehog
HHIP	hedgehog
CCND1	hedgehog
CCND2	hedgehog
BCL2	hedgehog
CUL1	hedgehog
BTRC	hedgehog
FBXW11	hedgehog
HHAT	hedgehog
HHATL	hedgehog
SHH	hedgehog
IHH	hedgehog
DHH	hedgehog
DISP1	hedgehog
SCUBE2	hedgehog
BOC	hedgehog
CDON	hedgehog
GAS1	hedgehog
LRP2	hedgehog
MOSMO	hedgehog
MEGF8	hedgehog
MGRN1	hedgehog
SMURF1	hedgehog
SMURF2	hedgehog
GRK2	hedgehog
GRK3	hedgehog
EVC	hedgehog
EVC2	hedgehog
EFCAB7	hedgehog
IQCE	hedgehog
ARRB1	hedgehog
ARRB2	hedgehog
KIF3A	hedgehog
CUL3	hedgehog
SPOP	hedgehog
SPOPL	hedgehog
CRB2	hippo
CRB1	hippo
PARD3	hippo
PARD6A	hippo
PARD6G	hippo
PARD6B	hippo
PRKCZ	hippo
PRKCI	hippo
PATJ	hippo
PALS1	hippo
AMOT	hippo
YAP1	hippo
WWTR1	hippo
CDH1	hippo
LIMD1	hippo
AJUBA	hippo
WTIP	hippo
NF2	hippo
WWC1	hippo
FRMD1	hippo
FRMD6	hippo
SAV1	hippo
STK3	hippo
RASSF6	hippo
RASSF1	hippo
PPP2CA	hippo
PPP2CB	hippo
PPP2R1B	hippo
PPP2R1A	hippo
PPP2R2A	hippo
PPP2R2B	hippo
PPP2R2C	hippo
PPP2R2D	hippo
LATS2	hippo
LATS1	hippo
MOB1A	hippo
MOB1B	hippo
PPP1CA	hippo
PPP1CB	hippo
PPP1CC	hippo
TP53BP2	hippo
LLGL2	hippo
LLGL1	hippo
SCRIB	hippo
DLG1	hippo
DLG2	hippo
DLG3	hippo
DLG4	hippo
DLG5	hippo
CSNK1D	hippo
CSNK1E	hippo
TPTEP2-CSNK1E	hippo
BTRC	hippo
FBXW11	hippo
TP73	hippo
BBC3	hippo
TEAD1	hippo
TEAD4	hippo
TEAD3	hippo
TEAD2	hippo
CCN2	hippo
GLI2	hippo
AREG	hippo
BIRC5	hippo
AFP	hippo
ITGB2	hippo
FGF1	hippo
TGFB1	hippo
TGFB2	hippo
TGFB3	hippo
TGFBR1	hippo
TGFBR2	hippo
SMAD7	hippo
SMAD2	hippo
SMAD3	hippo
SMAD4	hippo
SERPINE1	hippo
BMP2	hippo
BMP4	hippo
BMP5	hippo
BMP6	hippo
BMP7	hippo
BMP8B	hippo
BMP8A	hippo
GDF5	hippo
GDF6	hippo
GDF7	hippo
AMH	hippo
BMPR1A	hippo
BMPR1B	hippo
BMPR2	hippo
SMAD1	hippo
ID1	hippo
ID2	hippo
WNT1	hippo
WNT2	hippo
WNT2B	hippo
WNT3	hippo
WNT3A	hippo
WNT4	hippo
WNT5A	hippo
WNT5B	hippo
WNT6	hippo
WNT7A	hippo
WNT7B	hippo
WNT8A	hippo
WNT8B	hippo
WNT9A	hippo
WNT9B	hippo
WNT10B	hippo
WNT10A	hippo
WNT11	hippo
WNT16	hippo
FZD1	hippo
FZD7	hippo
FZD2	hippo
FZD3	hippo
FZD4	hippo
FZD5	hippo
FZD8	hippo
FZD6	hippo
FZD10	hippo
FZD9	hippo
DVL3	hippo
DVL2	hippo
DVL1	hippo
YWHAZ	hippo
YWHAB	hippo
YWHAQ	hippo
YWHAE	hippo
YWHAH	hippo
YWHAG	hippo
GSK3B	hippo
CTNNB1	hippo
APC	hippo
APC2	hippo
AXIN1	hippo
AXIN2	hippo
NKD1	hippo
NKD2	hippo
TCF7	hippo
TCF7L1	hippo
TCF7L2	hippo
LEF1	hippo
MYC	hippo
CCND1	hippo
CCND2	hippo
CCND3	hippo
SOX2	hippo
SNAI2	hippo
BIRC2	hippo
BIRC3	hippo
ACTG1	hippo
ACTB	hippo
CTNNA3	hippo
CTNNA1	hippo
CTNNA2	hippo
IL2	jak-stat
IL3	jak-stat
IL4	jak-stat
IL5	jak-stat
IL6	jak-stat
IL7	jak-stat
IL9	jak-stat
IL10	jak-stat
IL11	jak-stat
IL12A	jak-stat
IL12B	jak-stat
IL13	jak-stat
IL15	jak-stat
IL17D	jak-stat
IL19	jak-stat
IL20	jak-stat
IL21	jak-stat
IL22	jak-stat
IL23A	jak-stat
IL24	jak-stat
IFNA1	jak-stat
IFNA2	jak-stat
IFNA4	jak-stat
IFNA5	jak-stat
IFNA6	jak-stat
IFNA7	jak-stat
IFNA8	jak-stat
IFNA10	jak-stat
IFNA13	jak-stat
IFNA14	jak-stat
IFNA16	jak-stat
IFNA17	jak-stat
IFNA21	jak-stat
IFNB1	jak-stat
IFNG	jak-stat
IFNE	jak-stat
IFNK	jak-stat
IFNL1	jak-stat
IFNL2	jak-stat
IFNL3	jak-stat
IFNW1	jak-stat
OSM	jak-stat
LIF	jak-stat
TSLP	jak-stat
CTF1	jak-stat
CSF2	jak-stat
CNTF	jak-stat
CSF3	jak-stat
EPO	jak-stat
GH1	jak-stat
GH2	jak-stat
CSH1	jak-stat
CSH2	jak-stat
LEP	jak-stat
THPO	jak-stat
PRL	jak-stat
EGF	jak-stat
PDGFA	jak-stat
PDGFB	jak-stat
IL2RA	jak-stat
IL2RB	jak-stat
IL2RG	jak-stat
IL3RA	jak-stat
IL4R	jak-stat
IL5RA	jak-stat
IL6R	jak-stat
IL7R	jak-stat
IL9R	jak-stat
IL10RA	jak-stat
IL10RB	jak-stat
IL11RA	jak-stat
IL12RB1	jak-stat
IL12RB2	jak-stat
IL13RA1	jak-stat
IL13RA2	jak-stat
IL15RA	jak-stat
IL20RA	jak-stat
IL20RB	jak-stat
IL21R	jak-stat
IL22RA1	jak-stat
IL22RA2	jak-stat
IL23R	jak-stat
IL27RA	jak-stat
IL6ST	jak-stat
IFNAR1	jak-stat
IFNAR2	jak-stat
IFNGR1	jak-stat
IFNGR2	jak-stat
IFNLR1	jak-stat
OSMR	jak-stat
LIFR	jak-stat
CRLF2	jak-stat
CNTFR	jak-stat
CSF2RA	jak-stat
CSF2RB	jak-stat
CSF3R	jak-stat
EPOR	jak-stat
GHR	jak-stat
LEPR	jak-stat
MPL	jak-stat
PRLR	jak-stat
EGFR	jak-stat
PDGFRA	jak-stat
PDGFRB	jak-stat
JAK1	jak-stat
JAK2	jak-stat
JAK3	jak-stat
TYK2	jak-stat
STAT1	jak-stat
STAT2	jak-stat
STAT3	jak-stat
STAT4	jak-stat
STAT5A	jak-stat
STAT5B	jak-stat
STAT6	jak-stat
CISH	jak-stat
SOCS1	jak-stat
SOCS2	jak-stat
SOCS3	jak-stat
SOCS4	jak-stat
SOCS5	jak-stat
SOCS7	jak-stat
SOCS6	jak-stat
BCL2	jak-stat
MCL1	jak-stat
BCL2L1	jak-stat
PIM1	jak-stat
MYC	jak-stat
CCND1	jak-stat
CCND2	jak-stat
CCND3	jak-stat
CDKN1A	jak-stat
AOX1	jak-stat
GFAP	jak-stat
STAM2	jak-stat
STAM	jak-stat
PTPN2	jak-stat
PTPN6	jak-stat
IRF9	jak-stat
CREBBP	jak-stat
EP300	jak-stat
PIAS1	jak-stat
PIAS2	jak-stat
PIAS3	jak-stat
PIAS4	jak-stat
FHL1	jak-stat
PTPN11	jak-stat
GRB2	jak-stat
SOS1	jak-stat
SOS2	jak-stat
HRAS	jak-stat
RAF1	jak-stat
PIK3CA	jak-stat
PIK3CD	jak-stat
PIK3CB	jak-stat
PIK3R1	jak-stat
PIK3R2	jak-stat
PIK3R3	jak-stat
AKT1	jak-stat
AKT2	jak-stat
AKT3	jak-stat
MTOR	jak-stat
CACNA1A	mapk
CACNA1B	mapk
CACNA1C	mapk
CACNA1D	mapk
CACNA1E	mapk
CACNA1F	mapk
CACNA1G	mapk
CACNA1H	mapk
CACNA1I	mapk
CACNA1S	mapk
CACNA2D1	mapk
CACNA2D2	mapk
CACNA2D3	mapk
CACNA2D4	mapk
CACNB1	mapk
CACNB2	mapk
CACNB3	mapk
CACNB4	mapk
CACNG1	mapk
CACNG2	mapk
CACNG3	mapk
CACNG4	mapk
CACNG5	mapk
CACNG6	mapk
CACNG7	mapk
CACNG8	mapk
PRKACA	mapk
PRKACB	mapk
PRKACG	mapk
PRKCA	mapk
PRKCB	mapk
PRKCG	mapk
GNA12	mapk
GNG12	mapk
PPP3CA	mapk
PPP3CB	mapk
PPP3CC	mapk
PPP3R1	mapk
PPP3R2	mapk
RASGRF1	mapk
RASGRF2	mapk
RASGRP1	mapk
RASGRP2	mapk
RASGRP3	mapk
RASGRP4	mapk
RAPGEF2	mapk
NF1	mapk
RASA1	mapk
RASA2	mapk
RAP1A	mapk
RAP1B	mapk
EGF	mapk
TGFA	mapk
EREG	mapk
AREG	mapk
FGF1	mapk
FGF2	mapk
FGF3	mapk
FGF4	mapk
FGF17	mapk
FGF6	mapk
FGF7	mapk
FGF8	mapk
FGF9	mapk
FGF10	mapk
FGF16	mapk
FGF5	mapk
FGF18	mapk
FGF20	mapk
FGF22	mapk
FGF19	mapk
FGF21	mapk
FGF23	mapk
NGF	mapk
BDNF	mapk
NTF3	mapk
NTF4	mapk
INS	mapk
IGF1	mapk
IGF2	mapk
PDGFA	mapk
PDGFB	mapk
PDGFC	mapk
PDGFD	mapk
CSF1	mapk
KITLG	mapk
FLT3LG	mapk
VEGFA	mapk
VEGFB	mapk
PGF	mapk
VEGFC	mapk
VEGFD	mapk
HGF	mapk
ANGPT1	mapk
ANGPT2	mapk
ANGPT4	mapk
EFNA1	mapk
EFNA2	mapk
EFNA3	mapk
EFNA4	mapk
EFNA5	mapk
EGFR	mapk
ERBB2	mapk
ERBB3	mapk
ERBB4	mapk
FGFR1	mapk
FGFR2	mapk
FGFR3	mapk
FGFR4	mapk
NGFR	mapk
NTRK1	mapk
NTRK2	mapk
INSR	mapk
IGF1R	mapk
PDGFRA	mapk
PDGFRB	mapk
CSF1R	mapk
KIT	mapk
FLT3	mapk
FLT1	mapk
FLT4	mapk
KDR	mapk
MET	mapk
TEK	mapk
EPHA2	mapk
GRB2	mapk
SOS1	mapk
SOS2	mapk
HRAS	mapk
KRAS	mapk
NRAS	mapk
RRAS	mapk
RRAS2	mapk
MRAS	mapk
ARAF	mapk
BRAF	mapk
RAF1	mapk
MAP2K1	mapk
MAP2K2	mapk
LAMTOR3	mapk
MAPK1	mapk
MAPK3	mapk
MKNK1	mapk
MKNK2	mapk
RPS6KA3	mapk
RPS6KA1	mapk
RPS6KA2	mapk
RPS6KA6	mapk
ATF4	mapk
ELK1	mapk
ELK4	mapk
MYC	mapk
SRF	mapk
FOS	mapk
MAPT	mapk
STMN1	mapk
PLA2G4E	mapk
PLA2G4A	mapk
JMJD7-PLA2G4B	mapk
PLA2G4B	mapk
PLA2G4C	mapk
PLA2G4D	mapk
PLA2G4F	mapk
TNF	mapk
IL1A	mapk
IL1B	mapk
TGFB1	mapk
TGFB2	mapk
TGFB3	mapk
TNFRSF1A	mapk
IL1R1	mapk
IL1RAP	mapk
TGFBR1	mapk
TGFBR2	mapk
FASLG	mapk
FAS	mapk
CD14	mapk
RAC1	mapk
RAC2	mapk
RAC3	mapk
CDC42	mapk
TRADD	mapk
CASP3	mapk
TRAF2	mapk
DAXX	mapk
MYD88	mapk
IRAK1	mapk
IRAK4	mapk
TRAF6	mapk
GADD45A	mapk
GADD45B	mapk
GADD45G	mapk
TAB1	mapk
TAB2	mapk
ECSIT	mapk
MAP4K3	mapk
MAP4K4	mapk
MAP4K1	mapk
PAK1	mapk
PAK2	mapk
STK4	mapk
STK3	mapk
MAP4K2	mapk
MAP3K8	mapk
MAP3K1	mapk
MAP3K11	mapk
MAP3K2	mapk
MAP3K3	mapk
MAP3K13	mapk
MAP3K12	mapk
MAP3K20	mapk
MAP3K6	mapk
MAP3K5	mapk
MAP3K7	mapk
MAP3K4	mapk
TAOK2	mapk
TAOK3	mapk
TAOK1	mapk
MAP2K4	mapk
MAP2K7	mapk
MAP2K3	mapk
MAP2K6	mapk
MAPK8IP1	mapk
MAPK8IP2	mapk
MAPK8IP3	mapk
FLNA	mapk
FLNC	mapk
FLNB	mapk
CRK	mapk
CRKL	mapk
ARRB1	mapk
ARRB2	mapk
MAPK8	mapk
MAPK10	mapk
MAPK9	mapk
MAPK11	mapk
MAPK12	mapk
MAPK13	mapk
MAPK14	mapk
MAPKAPK5	mapk
MAPKAPK2	mapk
MAPKAPK3	mapk
RPS6KA5	mapk
RPS6KA4	mapk
CDC25B	mapk
NFATC1	mapk
NFATC3	mapk
JUN	mapk
JUND	mapk
ATF2	mapk
TP53	mapk
DDIT3	mapk
MAX	mapk
MEF2C	mapk
HSPB1	mapk
AKT1	mapk
AKT2	mapk
AKT3	mapk
PPM1A	mapk
PTPRR	mapk
PTPN5	mapk
PTPN7	mapk
DUSP1	mapk
DUSP4	mapk
DUSP2	mapk
DUSP7	mapk
DUSP8	mapk
DUSP5	mapk
DUSP16	mapk
DUSP6	mapk
DUSP9	mapk
DUSP10	mapk
DUSP3	mapk
PPP5C	mapk
PPM1B	mapk
HSPA8	mapk
HSPA1A	mapk
HSPA2	mapk
HSPA1L	mapk
HSPA1B	mapk
HSPA6	mapk
MECOM	mapk
MAP2K5	mapk
MAPK7	mapk
NR4A1	mapk
MAP3K14	mapk
CHUK	mapk
IKBKB	mapk
IKBKG	mapk
NLK	mapk
NFKB1	mapk
NFKB2	mapk
RELA	mapk
RELB	mapk
SLC7A5	mtor
SLC3A2	mtor
SLC38A9	mtor
ATP6V1A	mtor
ATP6V1B1	mtor
ATP6V1B2	mtor
ATP6V1C2	mtor
ATP6V1C1	mtor
ATP6V1D	mtor
ATP6V1E2	mtor
ATP6V1E1	mtor
ATP6V1F	mtor
ATP6V1G1	mtor
ATP6V1G3	mtor
ATP6V1G2	mtor
ATP6V1H	mtor
LAMTOR1	mtor
LAMTOR2	mtor
LAMTOR3	mtor
LAMTOR4	mtor
LAMTOR5	mtor
FLCN	mtor
FNIP1	mtor
FNIP2	mtor
RRAGA	mtor
RRAGB	mtor
RRAGC	mtor
RRAGD	mtor
SESN2	mtor
CASTOR1	mtor
CASTOR2	mtor
MIOS	mtor
SEH1L	mtor
WDR24	mtor
WDR59	mtor
SEC13	mtor
DEPDC5	mtor
NPRL2	mtor
NPRL3	mtor
SKP2	mtor
RNF152	mtor
RPTOR	mtor
AKT1S1	mtor
MTOR	mtor
DEPTOR	mtor
MLST8	mtor
TELO2	mtor
TTI1	mtor
CLIP1	mtor
GRB10	mtor
LPIN1	mtor
LPIN3	mtor
LPIN2	mtor
ULK1	mtor
ULK2	mtor
EIF4EBP1	mtor
EIF4E	mtor
EIF4E2	mtor
EIF4E1B	mtor
RPS6KB1	mtor
RPS6KB2	mtor
EIF4B	mtor
RPS6	mtor
STRADA	mtor
STRADB	mtor
STK11	mtor
CAB39	mtor
CAB39L	mtor
PRKAA1	mtor
PRKAA2	mtor
TSC1	mtor
TSC2	mtor
TBC1D7	mtor
RHEB	mtor
DDIT4	mtor
WNT1	mtor
WNT2	mtor
WNT2B	mtor
WNT3	mtor
WNT3A	mtor
WNT4	mtor
WNT5A	mtor
WNT5B	mtor
WNT6	mtor
WNT7A	mtor
WNT7B	mtor
WNT8A	mtor
WNT8B	mtor
WNT9A	mtor
WNT9B	mtor
WNT10B	mtor
WNT10A	mtor
WNT11	mtor
WNT16	mtor
FZD1	mtor
FZD7	mtor
FZD2	mtor
FZD3	mtor
FZD4	mtor
FZD5	mtor
FZD8	mtor
FZD6	mtor
FZD10	mtor
FZD9	mtor
LRP5	mtor
LRP6	mtor
DVL3	mtor
DVL2	mtor
DVL1	mtor
GSK3B	mtor
TNF	mtor
TNFRSF1A	mtor
IKBKB	mtor
INS	mtor
IGF1	mtor
INSR	mtor
IGF1R	mtor
GRB2	mtor
SOS1	mtor
SOS2	mtor
HRAS	mtor
KRAS	mtor
NRAS	mtor
BRAF	mtor
RAF1	mtor
MAP2K1	mtor
MAP2K2	mtor
MAPK1	mtor
MAPK3	mtor
RPS6KA3	mtor
RPS6KA1	mtor
RPS6KA2	mtor
RPS6KA6	mtor
IRS1	mtor
PIK3R1	mtor
PIK3R2	mtor
PIK3R3	mtor
PIK3CA	mtor
PIK3CD	mtor
PIK3CB	mtor
PTEN	mtor
PDPK1	mtor
AKT1	mtor
AKT2	mtor
AKT3	mtor
CHUK	mtor
MAPKAP1	mtor
RICTOR	mtor
PRR5	mtor
PRR5L	mtor
RHOA	mtor
PRKCA	mtor
PRKCB	mtor
PRKCG	mtor
SGK1	mtor
LCK	nfkb
ZAP70	nfkb
LAT	nfkb
PLCG1	nfkb
PRKCQ	nfkb
IGH	nfkb
SYK	nfkb
LYN	nfkb
BLNK	nfkb
BTK	nfkb
PLCG2	nfkb
PRKCB	nfkb
CARD10	nfkb
CARD11	nfkb
CARD14	nfkb
BCL10	nfkb
MALT1	nfkb
IL1B	nfkb
IL1R1	nfkb
MYD88	nfkb
IRAK1	nfkb
IRAK4	nfkb
TRAF6	nfkb
TNF	nfkb
TNFRSF1A	nfkb
RIPK1	nfkb
TRADD	nfkb
TRAF2	nfkb
TRAF5	nfkb
BIRC2	nfkb
BIRC3	nfkb
EDA	nfkb
EDAR	nfkb
EDARADD	nfkb
CYLD	nfkb
EDA2R	nfkb
DDX58	nfkb
TRIM25	nfkb
LBP	nfkb
CD14	nfkb
TLR4	nfkb
LY96	nfkb
TIRAP	nfkb
TICAM2	nfkb
TICAM1	nfkb
CD40LG	nfkb
CD40	nfkb
TRAF3	nfkb
TNFSF11	nfkb
TNFRSF11A	nfkb
LTA	nfkb
LTB	nfkb
TNFSF14	nfkb
LTBR	nfkb
MAP3K14	nfkb
MAP3K7	nfkb
TAB1	nfkb
TAB2	nfkb
TAB3	nfkb
TNFSF13B	nfkb
TNFRSF13C	nfkb
IKBKG	nfkb
CHUK	nfkb
IKBKB	nfkb
PARP1	nfkb
PIAS4	nfkb
UBE2I	nfkb
ATM	nfkb
PIDD1	nfkb
ERC1	nfkb
NFKBIA	nfkb
NFKB1	nfkb
RELA	nfkb
CFLAR	nfkb
XIAP	nfkb
BCL2L1	nfkb
BCL2	nfkb
GADD45A	nfkb
GADD45B	nfkb
GADD45G	nfkb
TRAF1	nfkb
BCL2A1	nfkb
NFKB2	nfkb
CXCL8	nfkb
TNFAIP3	nfkb
PTGS2	nfkb
CCL4	nfkb
CCL4L2	nfkb
CCL4L1	nfkb
CXCL1	nfkb
CXCL2	nfkb
CXCL3	nfkb
VCAM1	nfkb
PLAU	nfkb
CSNK2A1	nfkb
CSNK2A2	nfkb
CSNK2A3	nfkb
CSNK2B	nfkb
RELB	nfkb
CCL13	nfkb
CCL19	nfkb
CCL21	nfkb
CXCL12	nfkb
ICAM1	nfkb
DLL3	notch
DLL1	notch
DLL4	notch
JAG1	notch
JAG2	notch
MFNG	notch
LFNG	notch
RFNG	notch
NOTCH1	notch
NOTCH2	notch
NOTCH3	notch
NOTCH4	notch
RBPJL	notch
RBPJ	notch
HES1	notch
HES5	notch
HEYL	notch
HEY1	notch
HEY2	notch
PTCRA	notch
DVL3	notch
DVL2	notch
DVL1	notch
NUMB	notch
NUMBL	notch
DTX2	notch
DTX3L	notch
DTX1	notch
DTX3	notch
DTX4	notch
ADAM17	notch
PSEN1	notch
PSEN2	notch
PSENEN	notch
NCSTN	notch
APH1A	notch
APH1B	notch
MAML3	notch
MAML2	notch
MAML1	notch
CREBBP	notch
EP300	notch
KAT2B	notch
KAT2A	notch
SNW1	notch
CTBP1	notch
CTBP2	notch
TLE7	notch
TLE1	notch
TLE2	notch
TLE3	notch
TLE4	notch
TLE6	notch
NCOR2	notch
CIR1	notch
HDAC1	notch
HDAC2	notch
ATXN1L	notch
ATXN1	notch
EGF	ras
TGFA	ras
FGF1	ras
FGF2	ras
FGF3	ras
FGF4	ras
FGF17	ras
FGF6	ras
FGF7	ras
FGF8	ras
FGF9	ras
FGF10	ras
FGF16	ras
FGF5	ras
FGF18	ras
FGF20	ras
FGF22	ras
FGF19	ras
FGF21	ras
FGF23	ras
NGF	ras
BDNF	ras
NTF3	ras
NTF4	ras
INS	ras
IGF1	ras
IGF2	ras
PDGFA	ras
PDGFB	ras
PDGFC	ras
PDGFD	ras
CSF1	ras
KITLG	ras
FLT3LG	ras
VEGFA	ras
VEGFB	ras
PGF	ras
VEGFC	ras
VEGFD	ras
HGF	ras
ANGPT1	ras
ANGPT2	ras
ANGPT4	ras
EFNA1	ras
EFNA2	ras
EFNA3	ras
EFNA4	ras
EFNA5	ras
EGFR	ras
FGFR1	ras
FGFR2	ras
FGFR3	ras
FGFR4	ras
NGFR	ras
NTRK1	ras
NTRK2	ras
INSR	ras
IGF1R	ras
PDGFRA	ras
PDGFRB	ras
CSF1R	ras
KIT	ras
FLT3	ras
FLT1	ras
FLT4	ras
KDR	ras
MET	ras
TEK	ras
EPHA2	ras
GRB2	ras
GAB1	ras
GAB2	ras
SHC1	ras
SHC2	ras
SHC3	ras
SHC4	ras
PTPN11	ras
SOS1	ras
SOS2	ras
PLCG1	ras
PLCG2	ras
RASGRP1	ras
RASGRP2	ras
RASGRP3	ras
RASGRP4	ras
ZAP70	ras
LAT	ras
HTR7	ras
GNB1	ras
GNB2	ras
GNB3	ras
GNB4	ras
GNB5	ras
GNG2	ras
GNG3	ras
GNG4	ras
GNG5	ras
GNG7	ras
GNG8	ras
GNG10	ras
GNG11	ras
GNG12	ras
GNG13	ras
GNGT1	ras
GNGT2	ras
PRKACA	ras
PRKACB	ras
PRKACG	ras
RASGRF1	ras
RASGRF2	ras
GRIN1	ras
GRIN2A	ras
GRIN2B	ras
CALML3	ras
CALM2	ras
CALM3	ras
CALM1	ras
CALML6	ras
CALML5	ras
CALML4	ras
HRAS	ras
KRAS	ras
NRAS	ras
MRAS	ras
RRAS	ras
RRAS2	ras
NF1	ras
RASA1	ras
RASA2	ras
RASA3	ras
RASA4	ras
RASA4B	ras
SYNGAP1	ras
RASAL1	ras
RASAL2	ras
RASAL3	ras
RASSF1	ras
RASSF5	ras
STK4	ras
TIAM1	ras
RAC1	ras
RAC2	ras
RAC3	ras
PAK1	ras
PAK2	ras
PAK3	ras
PAK4	ras
PAK5	ras
PAK6	ras
BUB1B-PAK6	ras
RHOA	ras
PIK3CA	ras
PIK3CD	ras
PIK3CB	ras
PIK3R1	ras
PIK3R2	ras
PIK3R3	ras
AKT1	ras
AKT2	ras
AKT3	ras
IKBKG	ras
CHUK	ras
IKBKB	ras
NFKB1	ras
RELA	ras
BAD	ras
BCL2L1	ras
FOXO4	ras
FASLG	ras
RALGAPA1	ras
RALGAPA2	ras
RALGAPB	ras
RALGDS	ras
RGL1	ras
RGL2	ras
RALA	ras
RALB	ras
PLD1	ras
PLD2	ras
EXOC2	ras
TBK1	ras
REL	ras
MAPK8	ras
MAPK10	ras
MAPK9	ras
RALBP1	ras
CDC42	ras
AFDN	ras
SHOC2	ras
RAF1	ras
MAP2K1	ras
MAP2K2	ras
MAPK1	ras
MAPK3	ras
PLA1A	ras
PLA2G10	ras
PLA2G2D	ras
PLA2G2E	ras
PLA2G3	ras
PLA2G2F	ras
PLA2G12A	ras
PLA2G12B	ras
PLA2G1B	ras
PLA2G5	ras
PLA2G2A	ras
PLA2G2C	ras
PLA2G4E	ras
PLA2G4A	ras
JMJD7-PLA2G4B	ras
PLA2G4B	ras
PLA2G4C	ras
PLA2G4D	ras
PLA2G4F	ras
PLA2G6	ras
PLAAT3	ras
ELK1	ras
ETS1	ras
ETS2	ras
BRAP	ras
KSR1	ras
KSR2	ras
RAPGEF5	ras
RAP1A	ras
RAP1B	ras
PLCE1	ras
PRKCA	ras
PRKCB	ras
PRKCG	ras
RIN1	ras
ABL1	ras
ABL2	ras
RAB5A	ras
RAB5B	ras
RAB5C	ras
ARF6	ras
CHRD	tgfb
NOG	tgfb
NBL1	tgfb
MICOS10-NBL1	tgfb
GREM1	tgfb
GREM2	tgfb
THBS1	tgfb
DCN	tgfb
FMOD	tgfb
LEFTY1	tgfb
LEFTY2	tgfb
FST	tgfb
BMP2	tgfb
BMP4	tgfb
BMP6	tgfb
INHBB	tgfb
BMP5	tgfb
BMP7	tgfb
BMP8B	tgfb
BMP8A	tgfb
GDF5	tgfb
GDF6	tgfb
GDF7	tgfb
AMH	tgfb
THSD4	tgfb
FBN1	tgfb
LTBP1	tgfb
TGFB1	tgfb
TGFB2	tgfb
TGFB3	tgfb
INHBA	tgfb
INHBC	tgfb
INHBE	tgfb
NODAL	tgfb
NEO1	tgfb
HJV	tgfb
BMPR1A	tgfb
BMPR1B	tgfb
ACVR1	tgfb
BMPR2	tgfb
ACVR2A	tgfb
RGMA	tgfb
RGMB	tgfb
AMHR2	tgfb
TGFBR1	tgfb
TGFBR2	tgfb
ACVR1B	tgfb
ACVR2B	tgfb
ACVR1C	tgfb
BAMBI	tgfb
SMAD1	tgfb
SMAD5	tgfb
SMAD9	tgfb
SMAD2	tgfb
SMAD3	tgfb
SMAD4	tgfb
SMAD6	tgfb
SMAD7	tgfb
SMURF1	tgfb
SMURF2	tgfb
ZFYVE9	tgfb
ZFYVE16	tgfb
HAMP	tgfb
ID1	tgfb
ID2	tgfb
ID3	tgfb
ID4	tgfb
RBL1	tgfb
E2F4	tgfb
E2F5	tgfb
TFDP1	tgfb
CREBBP	tgfb
EP300	tgfb
SP1	tgfb
TGIF1	tgfb
TGIF2	tgfb
MYC	tgfb
CDKN2B	tgfb
PITX2	tgfb
RBX1	tgfb
CUL1	tgfb
SKP1	tgfb
MAPK1	tgfb
MAPK3	tgfb
IFNG	tgfb
TNF	tgfb
RHOA	tgfb
ROCK1	tgfb
PPP2R1B	tgfb
PPP2R1A	tgfb
PPP2CA	tgfb
PPP2CB	tgfb
RPS6KB1	tgfb
RPS6KB2	tgfb
APC	wnt
APC2	wnt
APCDD1	wnt
APCDD1L	wnt
AXIN1	wnt
AXIN2	wnt
BAMBI	wnt
BTRC	wnt
CACYBP	wnt
CAMK2A	wnt
CAMK2B	wnt
CAMK2D	wnt
CAMK2G	wnt
CBY1	wnt
CCDC88C	wnt
CCN4	wnt
CCND1	wnt
CCND2	wnt
CCND3	wnt
CER1	wnt
CHD8	wnt
CREBBP	wnt
CSNK1A1	wnt
CSNK1A1L	wnt
CSNK1E	wnt
CSNK2A1	wnt
CSNK2A2	wnt
CSNK2A3	wnt
CSNK2B	wnt
CTBP1	wnt
CTBP2	wnt
CTNNB1	wnt
CTNNBIP1	wnt
CTNND2	wnt
CUL1	wnt
CXXC4	wnt
DAAM1	wnt
DAAM2	wnt
DKK1	wnt
DKK2	wnt
DKK4	wnt
DVL1	wnt
DVL2	wnt
DVL3	wnt
EP300	wnt
FBXW11	wnt
FOSL1	wnt
FRAT1	wnt
FRAT2	wnt
FRZB	wnt
FZD1	wnt
FZD10	wnt
FZD2	wnt
FZD3	wnt
FZD4	wnt
FZD5	wnt
FZD6	wnt
FZD7	wnt
FZD8	wnt
FZD9	wnt
GPC4	wnt
GSK3B	wnt
INVS	wnt
JUN	wnt
LEF1	wnt
LGR4	wnt
LGR5	wnt
LGR6	wnt
LRP5	wnt
LRP6	wnt
MAP3K7	wnt
MAPK10	wnt
MAPK8	wnt
MAPK9	wnt
MMP7	wnt
MYC	wnt
NFATC1	wnt
NFATC2	wnt
NFATC3	wnt
NFATC4	wnt
NKD1	wnt
NKD2	wnt
NLK	wnt
NOTUM	wnt
PLCB1	wnt
PLCB2	wnt
PLCB3	wnt
PLCB4	wnt
PORCN	wnt
PPARD	wnt
PPP3CA	wnt
PPP3CB	wnt
PPP3CC	wnt
PPP3R1	wnt
PPP3R2	wnt
PRICKLE1	wnt
PRICKLE2	wnt
PRICKLE3	wnt
PRICKLE4	wnt
PRKACA	wnt
PRKACB	wnt
PRKACG	wnt
PRKCA	wnt
PRKCB	wnt
PRKCG	wnt
PSEN1	wnt
RAC1	wnt
RAC2	wnt
RAC3	wnt
RBX1	wnt
RHOA	wnt
RNF43	wnt
ROCK2	wnt
ROR1	wnt
ROR2	wnt
RSPO1	wnt
RSPO2	wnt
RSPO3	wnt
RSPO4	wnt
RUVBL1	wnt
RYK	wnt
SENP2	wnt
SERPINF1	wnt
SFRP1	wnt
SFRP2	wnt
SFRP4	wnt
SFRP5	wnt
SIAH1	wnt
SKP1	wnt
SMAD3	wnt
SMAD4	wnt
SOST	wnt
SOX17	wnt
TBL1X	wnt
TBL1XR1	wnt
TBL1Y	wnt
TCF7	wnt
TCF7L1	wnt
TCF7L2	wnt
TLE1	wnt
TLE2	wnt
TLE3	wnt
TLE4	wnt
TLE6	wnt
TLE7	wnt
TP53	wnt
TPTEP2-CSNK1E	wnt
VANGL1	wnt
VANGL2	wnt
WIF1	wnt
WNT1	wnt
WNT10A	wnt
WNT10B	wnt
WNT11	wnt
WNT16	wnt
WNT2	wnt
WNT2B	wnt
WNT3	wnt
WNT3A	wnt
WNT4	wnt
WNT5A	wnt
WNT5B	wnt
WNT6	wnt
WNT7A	wnt
WNT7B	wnt
WNT8A	wnt
WNT8B	wnt
WNT9A	wnt
WNT9B	wnt
ZNRF3	wnt
